Workbook

Sheet README
A1: Warehouse Data Analysis Project
A3: Overview
A4: This workbook analyzes 10 warehouses located across three U.S. states (Kentucky, Michigan, and Tennessee). It was built as part of the Google Data Analytics Certificate coursework to practice data cleaning, PivotTable summarization, and written data interpretation.
A6: Business question
A7: How do warehouse capacity and staffing levels compare across states, individual warehouses, and capacity ranges?
A9: Contents
A10: - Warehouse_table: cleaned source data (warehouse ID, name, capacity, employee count, state)
A11: - Statistics by State: total capacity, total employees, and warehouse count per state
A12: - Details by State: same metrics broken down per individual warehouse
A13: - By Capacity Range: warehouse count grouped into capacity bands (200-399, 400-599, 600-800)
A15: Method
A16: Summary tables use SUMIF/COUNTIF formulas referencing the Warehouse_table sheet, so the figures update automatically if the source data changes. Each summary sheet includes a short written analysis and conclusion based on the results.
... A19: Tennessee leads in total warehouse count, capacity, and staffing. Michigan ranks second. Kentucky has the same number of warehouses as Michigan but noticeably lower capacity and staffing. Most warehouses fall into the 200-399 or 600-800 capacity range, with the 400-599 range being the least common.

Sheet Warehouse_table
A1: number | B1: warehouse_id | C1: warehouse_alias | D1: maximum_capacity | E1: employee_total | F1: state
A2: 1 | B2: 2270 | C2: Bowling Green Warehouse | D2: 280 | E2: 13 | F2: Kentucky
A3: 2 | B3: 1543 | C3: Somerset Fulfillment Center | D3: 210 | E3: 14 | F3: Kentucky
A4: 3 | B4: 9080 | C4: Frankfort Fulfillment Center | D4: 235 | E4: 5 | F4: Kentucky
A5: 4 | B5: 8118 | C5: Ann Arbor Fulfillment Center | D5: 780 | E5: 17 | F5: Michigan
A6: 5 | B6: 3961 | C6: Lansing Storage Warehouse | D6: 740 | E6: 22 | F6: Michigan
A7: 6 | B7: 2666 | C7: Lansing Fulfillment Center | D7: 290 | E7: 16 | F7: Michigan
A8: 7 | B8: 6509 | C8: Memphis Fulfillment Center | D8: 755 | E8: 22 | F8: Tennessee
A9: 8 | B9: 9831 | C9: Clarksville Warehouse | D9: 400 | E9: 16 | F9: Tennessee
A10: 9 | B10: 3417 | C10: Gatlinburg Warehouse | D10: 620 | E10: 6 | F10: Tennessee
A11: 10 | B11: 4338 | C11: Knoxville Fulfillment Center | D11: 215 | E11: 13 | F11: Tennessee

Sheet Statistics by State
A1: State | B1: Total Capacity | C1: Total Employees | D1: Warehouse Count
A2: Kentucky | B2: =SUMIF(Warehouse_table!$F$2:$F$11,A2,Warehouse_table!$D$2:$D$11) -> 725 | C2: =SUMIF(Warehouse_table!$F$2:$F$11,A2,Warehouse_table!$E$2:$E$11) -> 32 | D2: =COUNTIF(Warehouse_table!$F$2:$F$11,A2) -> 3
A3: Michigan | B3: =SUMIF(Warehouse_table!$F$2:$F$11,A3,Warehouse_table!$D$2:$D$11) -> 1810 | C3: =SUMIF(Warehouse_table!$F$2:$F$11,A3,Warehouse_table!$E$2:$E$11) -> 55 | D3: =COUNTIF(Warehouse_table!$F$2:$F$11,A3) -> 3
A4: Tennessee | B4: =SUMIF(Warehouse_table!$F$2:$F$11,A4,Warehouse_table!$D$2:$D$11) -> 1990 | C4: =SUMIF(Warehouse_table!$F$2:$F$11,A4,Warehouse_table!$E$2:$E$11) -> 57 | D4: =COUNTIF(Warehouse_table!$F$2:$F$11,A4) -> 4
A5: Grand Total | B5: =SUM(B2:B4) -> 4525 | C5: =SUM(C2:C4) -> 144 | D5: =SUM(D2:D4) -> 10
A7: Analysis & Conclusion
A8: Based on the PivotTable results, the warehouses are located across three states: Kentucky, Michigan, and Tennessee.
A9: Tennessee has the strongest overall numbers: 4 warehouses, a combined capacity of 1,990, and 57 employees in total.
A10: Michigan has 3 warehouses, with a combined capacity of 1,810 and 55 employees.
A11: Kentucky also has 3 warehouses, but its combined capacity (725) and employee count (32) are considerably lower than the other two states.
A13: Conclusion: Tennessee leads in warehouse count, total capacity, and total staffing. Michigan ranks second. Although Kentucky has the same number of warehouses as Michigan, its total capacity and employee count are significantly smaller - suggesting Tennessee and Michigan warehouses are, on average, larger or better resourced.

Sheet Details by State
A1: State / Warehouse | B1: Total Capacity | C1: Total Employees
A2: Kentucky | B2: =SUMIF(Warehouse_table!$F$2:$F$11,A2,Warehouse_table!$D$2:$D$11) -> 725 | C2: =SUMIF(Warehouse_table!$F$2:$F$11,A2,Warehouse_table!$E$2:$E$11) -> 32
A3: Bowling Green Warehouse | B3: =SUMIF(Warehouse_table!$C$2:$C$11,A3,Warehouse_table!$D$2:$D$11) -> 280 | C3: =SUMIF(Warehouse_table!$C$2:$C$11,A3,Warehouse_table!$E$2:$E$11) -> 13
A4: Frankfort Fulfillment Center | B4: =SUMIF(Warehouse_table!$C$2:$C$11,A4,Warehouse_table!$D$2:$D$11) -> 235 | C4: =SUMIF(Warehouse_table!$C$2:$C$11,A4,Warehouse_table!$E$2:$E$11) -> 5
A5: Somerset Fulfillment Center | B5: =SUMIF(Warehouse_table!$C$2:$C$11,A5,Warehouse_table!$D$2:$D$11) -> 210 | C5: =SUMIF(Warehouse_table!$C$2:$C$11,A5,Warehouse_table!$E$2:$E$11) -> 14
A6: Michigan | B6: =SUMIF(Warehouse_table!$F$2:$F$11,A6,Warehouse_table!$D$2:$D$11) -> 1810 | C6: =SUMIF(Warehouse_table!$F$2:$F$11,A6,Warehouse_table!$E$2:$E$11) -> 55
A7: Ann Arbor Fulfillment Center | B7: =SUMIF(Warehouse_table!$C$2:$C$11,A7,Warehouse_table!$D$2:$D$11) -> 780 | C7: =SUMIF(Warehouse_table!$C$2:$C$11,A7,Warehouse_table!$E$2:$E$11) -> 17
A8: Lansing Fulfillment Center | B8: =SUMIF(Warehouse_table!$C$2:$C$11,A8,Warehouse_table!$D$2:$D$11) -> 290 | C8: =SUMIF(Warehouse_table!$C$2:$C$11,A8,Warehouse_table!$E$2:$E$11) -> 16
A9: Lansing Storage Warehouse | B9: =SUMIF(Warehouse_table!$C$2:$C$11,A9,Warehouse_table!$D$2:$D$11) -> 740 | C9: =SUMIF(Warehouse_table!$C$2:$C$11,A9,Warehouse_table!$E$2:$E$11) -> 22
A10: Tennessee | B10: =SUMIF(Warehouse_table!$F$2:$F$11,A10,Warehouse_table!$D$2:$D$11) -> 1990 | C10: =SUMIF(Warehouse_table!$F$2:$F$11,A10,Warehouse_table!$E$2:$E$11) -> 57
A11: Clarksville Warehouse | B11: =SUMIF(Warehouse_table!$C$2:$C$11,A11,Warehouse_table!$D$2:$D$11) -> 400 | C11: =SUMIF(Warehouse_table!$C$2:$C$11,A11,Warehouse_table!$E$2:$E$11) -> 16
A12: Gatlinburg Warehouse | B12: =SUMIF(Warehouse_table!$C$2:$C$11,A12,Warehouse_table!$D$2:$D$11) -> 620 | C12: =SUMIF(Warehouse_table!$C$2:$C$11,A12,Warehouse_table!$E$2:$E$11) -> 6
A13: Knoxville Fulfillment Center | B13: =SUMIF(Warehouse_table!$C$2:$C$11,A13,Warehouse_table!$D$2:$D$11) -> 215 | C13: =SUMIF(Warehouse_table!$C$2:$C$11,A13,Warehouse_table!$E$2:$E$11) -> 13
A14: Memphis Fulfillment Center | B14: =SUMIF(Warehouse_table!$C$2:$C$11,A14,Warehouse_table!$D$2:$D$11) -> 755 | C14: =SUMIF(Warehouse_table!$C$2:$C$11,A14,Warehouse_table!$E$2:$E$11) -> 22
A15: Grand Total | B15: =SUM(Warehouse_table!$D$2:$D$11) -> 4525 | C15: =SUM(Warehouse_table!$E$2:$E$11) -> 144
A17: Analysis & Conclusion
A18: Based on the PivotTable results, capacity and employee count vary noticeably between individual warehouses within each state.
A19: In Kentucky, Bowling Green Warehouse has the largest capacity (280), while Frankfort Fulfillment Center has the fewest employees (5).
A20: In Michigan, Ann Arbor Fulfillment Center has the largest capacity (780), while Lansing Storage Warehouse has the most employees (22).
A21: In Tennessee, Memphis Fulfillment Center has the largest capacity (755) and 22 employees. Gatlinburg Warehouse has a large capacity (620) but only 6 employees.
A23: Conclusion: Capacity and staffing differ meaningfully from warehouse to warehouse within each state. Ann Arbor Fulfillment Center (780) and Memphis Fulfillment Center (755) are the largest warehouses by capacity. However, a large capacity does not always mean a larger staff - for example, Gatlinburg Warehouse has a large capacity but relatively few employees (6), showing that warehouse operations and resource use vary independently of size.

Sheet By Capacity Range
A1: Capacity Range | B1: Warehouse Count
A2: 200-399 | B2: =COUNTIFS(Warehouse_table!$D$2:$D$11,">="&200,Warehouse_table!$D$2:$D$11,"<"&400) -> 5
A3: 400-599 | B3: =COUNTIFS(Warehouse_table!$D$2:$D$11,">="&400,Warehouse_table!$D$2:$D$11,"<"&600) -> 1
A4: 600-800 | B4: =COUNTIFS(Warehouse_table!$D$2:$D$11,">="&600,Warehouse_table!$D$2:$D$11,"<"&801) -> 4
A5: Grand Total | B5: =SUM(B2:B4) -> 10
A7: Analysis & Conclusion
A8: Based on the PivotTable results:
A9: The 200-399 capacity range contains 5 warehouses - the most common range.
A10: The 400-599 capacity range contains only 1 warehouse - the least common range.
A11: The 600-800 capacity range contains 4 warehouses, also a significant share of the total.
A13: Conclusion: Most warehouses fall into either the 200-399 or 600-800 capacity range. Only one warehouse falls into the 400-599 range. This shows that warehouse capacity is concentrated mainly at the smaller and larger ends of the scale, with mid-sized warehouses being relatively rare.
